{"minzoom":0,"maxzoom":9,"center":[54.492188,17.64371,9.0],"bounds":[52.000153,16.651976,59.838005,26.391836]}