{"minzoom":0,"maxzoom":8,"center":[54.140625,17.307462,8.0],"bounds":[52.000153,16.651976,59.838005,26.391836]}